"Timestamp","Full Name","Staff Email","CIRMS ID","Ready to commit 6+ Hours Daily for 2 Weeks?"
"2023/10/20 1:51:36 PM GMT+1","Nnekwelugo James Tochukwu ","jt.nnekwelugo@unizik.edu.ng","NAU8628","Yes"
"2023/10/20 2:06:14 PM GMT+1","Nwokedi Henry Chukwunonso","hc.nwokedi@unizik.edu.ng","NAU1390","Yes"
"2023/10/20 2:46:18 PM GMT+1","Ikedinobi Chinedu Isaac","ci.ikedinobi@unizik.edu.ng","NAU4498","Yes"
"2023/10/20 7:49:19 PM GMT+1","Eduno John Ajana ","ja.eduno@unizik.edu.ng","NAU1774","Yes"
"2023/10/20 9:26:27 PM GMT+1","Enyeobi Francis Chibueze ","Fc.enyeobi@unizik.edu.ng","NAU1175","Yes"
"2023/10/20 11:28:26 PM GMT+1","Oramadike Ifeanyi ","i.oramadike@unizik.edu.ng","NAU5652","Yes"
"2023/10/23 12:04:21 AM GMT+1","Ursula Onyinye Okafo ","uo.okafo@unizik.edu.ng","NAU4772","Maybe"
"2023/10/23 6:00:53 AM GMT+1","Bello Kazeem Adeniyi ","ka.bello@unizik.edu.ng","NAU6309","Yes"